-- phpMyAdmin SQL Dump
-- version 4.5.1
-- http://www.phpmyadmin.net
--
-- Host: 127.0.0.1
-- Generation Time: Sep 28, 2016 at 02:40 PM
-- Server version: 10.1.13-MariaDB
-- PHP Version: 7.0.8

SET SQL_MODE = "NO_AUTO_VALUE_ON_ZERO";
SET time_zone = "+00:00";


/*!40101 SET @OLD_CHARACTER_SET_CLIENT=@@CHARACTER_SET_CLIENT */;
/*!40101 SET @OLD_CHARACTER_SET_RESULTS=@@CHARACTER_SET_RESULTS */;
/*!40101 SET @OLD_COLLATION_CONNECTION=@@COLLATION_CONNECTION */;
/*!40101 SET NAMES utf8mb4 */;

--
-- Database: `_project_record`
--

-- --------------------------------------------------------

--
-- Table structure for table `department`
--

CREATE TABLE `department` (
  `depart_id` int(11) NOT NULL,
  `depart_name` varchar(150) NOT NULL
) ENGINE=InnoDB DEFAULT CHARSET=latin1;

--
-- Dumping data for table `department`
--

INSERT INTO `department` (`depart_id`, `depart_name`) VALUES
(1, 'ENT Team'),
(2, 'CMS Team'),
(3, 'Mobile Team');

-- --------------------------------------------------------

--
-- Table structure for table `groups`
--

CREATE TABLE `groups` (
  `id` mediumint(8) UNSIGNED NOT NULL,
  `name` varchar(20) NOT NULL,
  `description` varchar(100) NOT NULL
) ENGINE=InnoDB DEFAULT CHARSET=utf8;

--
-- Dumping data for table `groups`
--

INSERT INTO `groups` (`id`, `name`, `description`) VALUES
(1, 'admin', 'Administrator'),
(2, 'members', 'General User'),
(3, 'Visiter', 'Visiter');

-- --------------------------------------------------------

--
-- Table structure for table `login_attempts`
--

CREATE TABLE `login_attempts` (
  `id` int(11) UNSIGNED NOT NULL,
  `ip_address` varchar(15) NOT NULL,
  `login` varchar(100) NOT NULL,
  `time` int(11) UNSIGNED DEFAULT NULL
) ENGINE=InnoDB DEFAULT CHARSET=utf8;

-- --------------------------------------------------------

--
-- Table structure for table `projects`
--

CREATE TABLE `projects` (
  `project_id` int(11) NOT NULL,
  `team_id` int(11) NOT NULL,
  `project_name` varchar(150) NOT NULL,
  `project_date` timestamp NOT NULL DEFAULT CURRENT_TIMESTAMP ON UPDATE CURRENT_TIMESTAMP,
  `project_description` text
) ENGINE=InnoDB DEFAULT CHARSET=latin1;

--
-- Dumping data for table `projects`
--

INSERT INTO `projects` (`project_id`, `team_id`, `project_name`, `project_date`, `project_description`) VALUES
(24, 1, 'Shobin', '2016-09-28 06:58:06', ''),
(25, 1, 'abc', '2016-09-28 06:58:06', ''),
(26, 1, 'cda', '2016-09-28 07:02:20', '');

-- --------------------------------------------------------

--
-- Table structure for table `project_estimation_tasks`
--

CREATE TABLE `project_estimation_tasks` (
  `task_id` int(11) NOT NULL,
  `project_id` int(11) NOT NULL,
  `task` varchar(300) DEFAULT NULL,
  `start` date DEFAULT NULL,
  `finish` date DEFAULT NULL,
  `planned_hours` float DEFAULT NULL,
  `sales_hours` float DEFAULT NULL,
  `estimated_hours` float DEFAULT NULL,
  `metadata` tinyblob
) ENGINE=InnoDB DEFAULT CHARSET=latin1;

--
-- Dumping data for table `project_estimation_tasks`
--

INSERT INTO `project_estimation_tasks` (`task_id`, `project_id`, `task`, `start`, `finish`, `planned_hours`, `sales_hours`, `estimated_hours`, `metadata`) VALUES
(1560, 24, NULL, NULL, NULL, NULL, NULL, NULL, 0x613a333a7b733a31303a22636f6c6f725f636f6465223b733a363a22303030303030223b733a343a22626f6c64223b623a313b733a373a226f75746c696e65223b693a313b7d),
(1561, 24, 'Wireframing', NULL, NULL, NULL, NULL, NULL, 0x613a333a7b733a31303a22636f6c6f725f636f6465223b733a363a22464346393942223b733a343a22626f6c64223b623a313b733a373a226f75746c696e65223b693a323b7d),
(1562, 24, 'Wireframe', '2016-08-16', '2016-08-16', 15, 5, 10, 0x613a333a7b733a31303a22636f6c6f725f636f6465223b733a363a22303030303030223b733a343a22626f6c64223b623a303b733a373a226f75746c696e65223b693a333b7d),
(1563, 24, 'Wireframe Review', '2016-08-16', '2016-08-16', 15, 5, 10, 0x613a333a7b733a31303a22636f6c6f725f636f6465223b733a363a22303030303030223b733a343a22626f6c64223b623a303b733a373a226f75746c696e65223b693a333b7d),
(1564, 24, 'Wireframe Workshop', '2016-08-16', '2016-08-16', 15, 5, 10, 0x613a333a7b733a31303a22636f6c6f725f636f6465223b733a363a22303030303030223b733a343a22626f6c64223b623a303b733a373a226f75746c696e65223b693a333b7d),
(1565, 24, 'Meetings & Communications', '2016-08-16', '2016-08-16', 15, 5, 10, 0x613a333a7b733a31303a22636f6c6f725f636f6465223b733a363a22303030303030223b733a343a22626f6c64223b623a303b733a373a226f75746c696e65223b693a333b7d),
(1566, 24, 'Design', NULL, NULL, NULL, NULL, NULL, 0x613a333a7b733a31303a22636f6c6f725f636f6465223b733a363a22464346393942223b733a343a22626f6c64223b623a313b733a373a226f75746c696e65223b693a323b7d),
(1567, 24, 'Design', '2016-08-16', '2016-08-16', 15, 5, 10, 0x613a333a7b733a31303a22636f6c6f725f636f6465223b733a363a22303030303030223b733a343a22626f6c64223b623a303b733a373a226f75746c696e65223b693a333b7d),
(1568, 24, 'Design Review', '2016-08-16', '2016-08-16', 15, 5, 10, 0x613a333a7b733a31303a22636f6c6f725f636f6465223b733a363a22303030303030223b733a343a22626f6c64223b623a303b733a373a226f75746c696e65223b693a333b7d),
(1569, 24, 'Meetings & Communications', '2016-08-16', '2016-08-16', 15, 5, 10, 0x613a333a7b733a31303a22636f6c6f725f636f6465223b733a363a22303030303030223b733a343a22626f6c64223b623a303b733a373a226f75746c696e65223b693a333b7d),
(1570, 24, 'Project Research & Planning', NULL, NULL, NULL, NULL, NULL, 0x613a333a7b733a31303a22636f6c6f725f636f6465223b733a363a22464346393942223b733a343a22626f6c64223b623a313b733a373a226f75746c696e65223b693a323b7d),
(1571, 24, 'Project Planning & Requirement Gathering', '2016-08-16', '2016-08-16', 15, 5, 10, 0x613a333a7b733a31303a22636f6c6f725f636f6465223b733a363a22303030303030223b733a343a22626f6c64223b623a303b733a373a226f75746c696e65223b693a333b7d),
(1572, 24, 'Meetings & Communications', '2016-08-16', '2016-08-16', 15, 5, 10, 0x613a333a7b733a31303a22636f6c6f725f636f6465223b733a363a22303030303030223b733a343a22626f6c64223b623a303b733a373a226f75746c696e65223b693a333b7d),
(1573, 24, 'Storyboarding', NULL, NULL, NULL, NULL, NULL, 0x613a333a7b733a31303a22636f6c6f725f636f6465223b733a363a22464346393942223b733a343a22626f6c64223b623a313b733a373a226f75746c696e65223b693a323b7d),
(1574, 24, 'Storyboard', NULL, NULL, NULL, NULL, NULL, 0x613a333a7b733a31303a22636f6c6f725f636f6465223b733a363a22303030303030223b733a343a22626f6c64223b623a303b733a373a226f75746c696e65223b693a333b7d),
(1575, 24, 'Storyboard Review', NULL, NULL, NULL, NULL, NULL, 0x613a333a7b733a31303a22636f6c6f725f636f6465223b733a363a22303030303030223b733a343a22626f6c64223b623a303b733a373a226f75746c696e65223b693a333b7d),
(1576, 24, 'Development and Integration', NULL, NULL, NULL, NULL, NULL, 0x613a333a7b733a31303a22636f6c6f725f636f6465223b733a363a22464346393942223b733a343a22626f6c64223b623a313b733a373a226f75746c696e65223b693a323b7d),
(1577, 24, 'Phase 1', '2016-08-16', '2016-08-16', 15, 5, 10, 0x613a333a7b733a31303a22636f6c6f725f636f6465223b733a363a22303030303030223b733a343a22626f6c64223b623a313b733a373a226f75746c696e65223b693a333b7d),
(1578, 24, 'Home Page', '2016-08-16', '2016-08-16', 15, 5, 10, 0x613a333a7b733a31303a22636f6c6f725f636f6465223b733a363a22303030303030223b733a343a22626f6c64223b623a303b733a373a226f75746c696e65223b693a343b7d),
(1579, 24, 'Home Page Task 1', '2016-08-16', '2016-08-16', 15, 5, 10, 0x613a333a7b733a31303a22636f6c6f725f636f6465223b733a363a22303030303030223b733a343a22626f6c64223b623a303b733a373a226f75746c696e65223b693a353b7d),
(1580, 24, 'Home Page Task 2', '2016-08-16', '2016-08-16', 15, 5, 10, 0x613a333a7b733a31303a22636f6c6f725f636f6465223b733a363a22303030303030223b733a343a22626f6c64223b623a303b733a373a226f75746c696e65223b693a353b7d),
(1581, 24, 'Home Page Task 3', '2016-08-16', '2016-08-16', 15, 5, 10, 0x613a333a7b733a31303a22636f6c6f725f636f6465223b733a363a22303030303030223b733a343a22626f6c64223b623a303b733a373a226f75746c696e65223b693a353b7d),
(1582, 24, 'Home Page Task 4', '2016-08-16', '2016-08-16', 15, 5, 10, 0x613a333a7b733a31303a22636f6c6f725f636f6465223b733a363a22303030303030223b733a343a22626f6c64223b623a303b733a373a226f75746c696e65223b693a353b7d),
(1583, 24, 'Inner Page 1', '2016-08-16', '2016-08-16', 15, 5, 10, 0x613a333a7b733a31303a22636f6c6f725f636f6465223b733a363a22303030303030223b733a343a22626f6c64223b623a303b733a373a226f75746c696e65223b693a343b7d),
(1584, 24, 'Inner Page Task 1', '2016-08-16', '2016-08-16', 15, 5, 10, 0x613a333a7b733a31303a22636f6c6f725f636f6465223b733a363a22303030303030223b733a343a22626f6c64223b623a303b733a373a226f75746c696e65223b693a353b7d),
(1585, 24, 'Inner Page Task 2', '2016-08-16', '2016-08-16', 15, 5, 10, 0x613a333a7b733a31303a22636f6c6f725f636f6465223b733a363a22303030303030223b733a343a22626f6c64223b623a303b733a373a226f75746c696e65223b693a353b7d),
(1586, 24, 'Inner Page 2', '2016-08-16', '2016-08-16', 15, 5, 10, 0x613a333a7b733a31303a22636f6c6f725f636f6465223b733a363a22303030303030223b733a343a22626f6c64223b623a303b733a373a226f75746c696e65223b693a343b7d),
(1587, 24, 'Inner Page Task 1', '2016-08-16', '2016-08-16', 15, 5, 10, 0x613a333a7b733a31303a22636f6c6f725f636f6465223b733a363a22303030303030223b733a343a22626f6c64223b623a303b733a373a226f75746c696e65223b693a353b7d),
(1588, 24, 'Inner Page Task 2', '2016-08-16', '2016-08-16', 15, 5, 10, 0x613a333a7b733a31303a22636f6c6f725f636f6465223b733a363a22303030303030223b733a343a22626f6c64223b623a303b733a373a226f75746c696e65223b693a353b7d),
(1589, 24, 'Phase 1 Testing', '2016-08-16', '2016-08-16', 15, 5, 10, 0x613a333a7b733a31303a22636f6c6f725f636f6465223b733a363a22303030303030223b733a343a22626f6c64223b623a303b733a373a226f75746c696e65223b693a343b7d),
(1590, 24, 'Phase 2', NULL, NULL, NULL, NULL, NULL, 0x613a333a7b733a31303a22636f6c6f725f636f6465223b733a363a22303030303030223b733a343a22626f6c64223b623a313b733a373a226f75746c696e65223b693a333b7d),
(1591, 24, 'Inner Page 3', NULL, NULL, NULL, NULL, NULL, 0x613a333a7b733a31303a22636f6c6f725f636f6465223b733a363a22303030303030223b733a343a22626f6c64223b623a303b733a373a226f75746c696e65223b693a343b7d),
(1592, 24, 'Inner Page Task 1', '2016-08-16', '2016-08-16', 15, 5, 10, 0x613a333a7b733a31303a22636f6c6f725f636f6465223b733a363a22303030303030223b733a343a22626f6c64223b623a303b733a373a226f75746c696e65223b693a353b7d),
(1593, 24, 'Inner Page Task 2', '2016-08-16', '2016-08-16', 15, 5, 10, 0x613a333a7b733a31303a22636f6c6f725f636f6465223b733a363a22303030303030223b733a343a22626f6c64223b623a303b733a373a226f75746c696e65223b693a353b7d),
(1594, 24, 'Inner Page Task 3', '2016-08-16', '2016-08-16', 15, 5, 10, 0x613a333a7b733a31303a22636f6c6f725f636f6465223b733a363a22303030303030223b733a343a22626f6c64223b623a303b733a373a226f75746c696e65223b693a353b7d),
(1595, 24, 'Inner Page Task 4', '2016-08-16', '2016-08-16', 15, 5, 10, 0x613a333a7b733a31303a22636f6c6f725f636f6465223b733a363a22303030303030223b733a343a22626f6c64223b623a303b733a373a226f75746c696e65223b693a353b7d),
(1596, 24, 'Inner Page 4', NULL, NULL, NULL, NULL, NULL, 0x613a333a7b733a31303a22636f6c6f725f636f6465223b733a363a22303030303030223b733a343a22626f6c64223b623a303b733a373a226f75746c696e65223b693a343b7d),
(1597, 24, 'Inner Page Task 1', '2016-08-16', '2016-08-16', 15, 5, 10, 0x613a333a7b733a31303a22636f6c6f725f636f6465223b733a363a22303030303030223b733a343a22626f6c64223b623a303b733a373a226f75746c696e65223b693a353b7d),
(1598, 24, 'Inner Page Task 2', '2016-08-16', '2016-08-16', 15, 5, 10, 0x613a333a7b733a31303a22636f6c6f725f636f6465223b733a363a22303030303030223b733a343a22626f6c64223b623a303b733a373a226f75746c696e65223b693a353b7d),
(1599, 24, 'Phase 2 Testing', NULL, NULL, NULL, NULL, NULL, 0x613a333a7b733a31303a22636f6c6f725f636f6465223b733a363a22303030303030223b733a343a22626f6c64223b623a303b733a373a226f75746c696e65223b693a343b7d),
(1600, 24, 'RFC 1', NULL, NULL, NULL, NULL, NULL, 0x613a333a7b733a31303a22636f6c6f725f636f6465223b733a363a22303030303030223b733a343a22626f6c64223b623a313b733a373a226f75746c696e65223b693a333b7d),
(1601, 24, 'Inner Page 3', NULL, NULL, NULL, NULL, NULL, 0x613a333a7b733a31303a22636f6c6f725f636f6465223b733a363a22303030303030223b733a343a22626f6c64223b623a303b733a373a226f75746c696e65223b693a343b7d),
(1602, 24, 'Inner Page Task 1', '2016-08-16', '2016-08-16', 15, 5, 10, 0x613a333a7b733a31303a22636f6c6f725f636f6465223b733a363a22303030303030223b733a343a22626f6c64223b623a303b733a373a226f75746c696e65223b693a353b7d),
(1603, 24, 'Inner Page Task 2', '2016-08-16', '2016-08-16', 15, 5, 10, 0x613a333a7b733a31303a22636f6c6f725f636f6465223b733a363a22303030303030223b733a343a22626f6c64223b623a303b733a373a226f75746c696e65223b693a353b7d),
(1604, 24, 'Inner Page Task 3', '2016-08-16', '2016-08-16', 15, 5, 10, 0x613a333a7b733a31303a22636f6c6f725f636f6465223b733a363a22303030303030223b733a343a22626f6c64223b623a303b733a373a226f75746c696e65223b693a353b7d),
(1605, 24, 'Inner Page Task 4', '2016-08-16', '2016-08-16', 15, 5, 10, 0x613a333a7b733a31303a22636f6c6f725f636f6465223b733a363a22303030303030223b733a343a22626f6c64223b623a303b733a373a226f75746c696e65223b693a353b7d),
(1606, 24, 'Inner Page 4', NULL, NULL, NULL, NULL, NULL, 0x613a333a7b733a31303a22636f6c6f725f636f6465223b733a363a22303030303030223b733a343a22626f6c64223b623a303b733a373a226f75746c696e65223b693a343b7d),
(1607, 24, 'Inner Page Task 1', '2016-08-16', '2016-08-16', 15, 5, 10, 0x613a333a7b733a31303a22636f6c6f725f636f6465223b733a363a22303030303030223b733a343a22626f6c64223b623a303b733a373a226f75746c696e65223b693a353b7d),
(1608, 24, 'Inner Page Task 2', '2016-08-16', '2016-08-16', 15, 5, 10, 0x613a333a7b733a31303a22636f6c6f725f636f6465223b733a363a22303030303030223b733a343a22626f6c64223b623a303b733a373a226f75746c696e65223b693a353b7d),
(1609, 24, 'RFC 1 Testing', NULL, NULL, NULL, NULL, NULL, 0x613a333a7b733a31303a22636f6c6f725f636f6465223b733a363a22303030303030223b733a343a22626f6c64223b623a303b733a373a226f75746c696e65223b693a333b7d),
(1610, 24, 'RFC 2', NULL, NULL, NULL, NULL, NULL, 0x613a333a7b733a31303a22636f6c6f725f636f6465223b733a363a22303030303030223b733a343a22626f6c64223b623a313b733a373a226f75746c696e65223b693a333b7d),
(1611, 24, 'Inner Page 5', NULL, NULL, NULL, NULL, NULL, 0x613a333a7b733a31303a22636f6c6f725f636f6465223b733a363a22303030303030223b733a343a22626f6c64223b623a303b733a373a226f75746c696e65223b693a343b7d),
(1612, 24, 'Inner Page Task 1', '2016-08-16', '2016-08-16', 15, 5, 10, 0x613a333a7b733a31303a22636f6c6f725f636f6465223b733a363a22303030303030223b733a343a22626f6c64223b623a303b733a373a226f75746c696e65223b693a353b7d),
(1613, 24, 'Inner Page Task 2', '2016-08-16', '2016-08-16', 15, 5, 10, 0x613a333a7b733a31303a22636f6c6f725f636f6465223b733a363a22303030303030223b733a343a22626f6c64223b623a303b733a373a226f75746c696e65223b693a353b7d),
(1614, 24, 'Inner Page Task 3', '2016-08-16', '2016-08-16', 15, 5, 10, 0x613a333a7b733a31303a22636f6c6f725f636f6465223b733a363a22303030303030223b733a343a22626f6c64223b623a303b733a373a226f75746c696e65223b693a353b7d),
(1615, 24, 'Inner Page Task 4', '2016-08-16', '2016-08-16', 15, 5, 10, 0x613a333a7b733a31303a22636f6c6f725f636f6465223b733a363a22303030303030223b733a343a22626f6c64223b623a303b733a373a226f75746c696e65223b693a353b7d),
(1616, 24, 'Inner Page 6', NULL, NULL, NULL, NULL, NULL, 0x613a333a7b733a31303a22636f6c6f725f636f6465223b733a363a22303030303030223b733a343a22626f6c64223b623a303b733a373a226f75746c696e65223b693a343b7d),
(1617, 24, 'Inner Page Task 1', '2016-08-16', '2016-08-16', 15, 5, 10, 0x613a333a7b733a31303a22636f6c6f725f636f6465223b733a363a22303030303030223b733a343a22626f6c64223b623a303b733a373a226f75746c696e65223b693a353b7d),
(1618, 24, 'Inner Page Task 2', '2016-08-16', '2016-08-16', 15, 5, 10, 0x613a333a7b733a31303a22636f6c6f725f636f6465223b733a363a22303030303030223b733a343a22626f6c64223b623a303b733a373a226f75746c696e65223b693a353b7d),
(1619, 24, 'RFC 2 Testing', NULL, NULL, NULL, NULL, NULL, 0x613a333a7b733a31303a22636f6c6f725f636f6465223b733a363a22303030303030223b733a343a22626f6c64223b623a303b733a373a226f75746c696e65223b693a343b7d),
(1620, 24, 'Beta Testing', NULL, NULL, NULL, NULL, NULL, 0x613a333a7b733a31303a22636f6c6f725f636f6465223b733a363a22464346393942223b733a343a22626f6c64223b623a313b733a373a226f75746c696e65223b693a323b7d),
(1621, 24, 'Cross Browser Testing & Functionality Testing', '2016-08-16', '2016-08-16', 15, 5, 10, 0x613a333a7b733a31303a22636f6c6f725f636f6465223b733a363a22303030303030223b733a343a22626f6c64223b623a303b733a373a226f75746c696e65223b693a333b7d),
(1622, 24, 'Deployment', NULL, NULL, NULL, NULL, NULL, 0x613a333a7b733a31303a22636f6c6f725f636f6465223b733a363a22464346393942223b733a343a22626f6c64223b623a313b733a373a226f75746c696e65223b693a323b7d),
(1623, 24, 'Deployment to Draft Server and Live', '2016-08-16', '2016-08-16', 15, 5, 10, 0x613a333a7b733a31303a22636f6c6f725f636f6465223b733a363a22303030303030223b733a343a22626f6c64223b623a303b733a373a226f75746c696e65223b693a333b7d),
(1624, 24, NULL, NULL, NULL, NULL, NULL, NULL, 0x613a333a7b733a31303a22636f6c6f725f636f6465223b733a363a22303030303030223b733a343a22626f6c64223b623a303b733a373a226f75746c696e65223b693a313b7d),
(1625, 26, NULL, NULL, NULL, NULL, NULL, NULL, 0x613a333a7b733a31303a22636f6c6f725f636f6465223b733a363a22303030303030223b733a343a22626f6c64223b623a313b733a373a226f75746c696e65223b693a313b7d),
(1626, 26, 'Wireframing', NULL, NULL, NULL, NULL, NULL, 0x613a333a7b733a31303a22636f6c6f725f636f6465223b733a363a22464346393942223b733a343a22626f6c64223b623a313b733a373a226f75746c696e65223b693a323b7d),
(1627, 26, 'Wireframe', '0000-00-00', '0000-00-00', 30, 20, 30, 0x613a333a7b733a31303a22636f6c6f725f636f6465223b733a363a22303030303030223b733a343a22626f6c64223b623a303b733a373a226f75746c696e65223b693a333b7d),
(1628, 26, 'Wireframe Review', NULL, NULL, NULL, 30, NULL, 0x613a333a7b733a31303a22636f6c6f725f636f6465223b733a363a22303030303030223b733a343a22626f6c64223b623a303b733a373a226f75746c696e65223b693a333b7d),
(1629, 26, 'Wireframe Workshop', NULL, NULL, NULL, NULL, NULL, 0x613a333a7b733a31303a22636f6c6f725f636f6465223b733a363a22303030303030223b733a343a22626f6c64223b623a303b733a373a226f75746c696e65223b693a333b7d),
(1630, 26, 'Meetings & Communications', NULL, NULL, NULL, NULL, NULL, 0x613a333a7b733a31303a22636f6c6f725f636f6465223b733a363a22303030303030223b733a343a22626f6c64223b623a303b733a373a226f75746c696e65223b693a333b7d),
(1631, 26, 'Design', NULL, NULL, NULL, NULL, NULL, 0x613a333a7b733a31303a22636f6c6f725f636f6465223b733a363a22464346393942223b733a343a22626f6c64223b623a313b733a373a226f75746c696e65223b693a323b7d),
(1632, 26, 'Design', NULL, NULL, NULL, NULL, NULL, 0x613a333a7b733a31303a22636f6c6f725f636f6465223b733a363a22303030303030223b733a343a22626f6c64223b623a303b733a373a226f75746c696e65223b693a333b7d),
(1633, 26, 'Design Review', NULL, NULL, NULL, NULL, NULL, 0x613a333a7b733a31303a22636f6c6f725f636f6465223b733a363a22303030303030223b733a343a22626f6c64223b623a303b733a373a226f75746c696e65223b693a333b7d),
(1634, 26, 'Meetings & Communications', NULL, NULL, NULL, NULL, NULL, 0x613a333a7b733a31303a22636f6c6f725f636f6465223b733a363a22303030303030223b733a343a22626f6c64223b623a303b733a373a226f75746c696e65223b693a333b7d),
(1635, 26, 'Project Research & Planning', NULL, NULL, NULL, NULL, NULL, 0x613a333a7b733a31303a22636f6c6f725f636f6465223b733a363a22464346393942223b733a343a22626f6c64223b623a313b733a373a226f75746c696e65223b693a323b7d),
(1636, 26, 'Project Planning & Requirement Gathering', NULL, NULL, NULL, NULL, NULL, 0x613a333a7b733a31303a22636f6c6f725f636f6465223b733a363a22303030303030223b733a343a22626f6c64223b623a303b733a373a226f75746c696e65223b693a333b7d),
(1637, 26, 'Meetings & Communications', NULL, NULL, NULL, NULL, NULL, 0x613a333a7b733a31303a22636f6c6f725f636f6465223b733a363a22303030303030223b733a343a22626f6c64223b623a303b733a373a226f75746c696e65223b693a333b7d),
(1638, 26, 'Storyboarding', NULL, NULL, NULL, NULL, NULL, 0x613a333a7b733a31303a22636f6c6f725f636f6465223b733a363a22464346393942223b733a343a22626f6c64223b623a313b733a373a226f75746c696e65223b693a323b7d),
(1639, 26, 'Storyboard', NULL, NULL, NULL, NULL, NULL, 0x613a333a7b733a31303a22636f6c6f725f636f6465223b733a363a22303030303030223b733a343a22626f6c64223b623a303b733a373a226f75746c696e65223b693a333b7d),
(1640, 26, 'Storyboard Review', NULL, NULL, NULL, NULL, NULL, 0x613a333a7b733a31303a22636f6c6f725f636f6465223b733a363a22303030303030223b733a343a22626f6c64223b623a303b733a373a226f75746c696e65223b693a333b7d),
(1641, 26, 'Development and Integration', NULL, NULL, NULL, NULL, NULL, 0x613a333a7b733a31303a22636f6c6f725f636f6465223b733a363a22464346393942223b733a343a22626f6c64223b623a313b733a373a226f75746c696e65223b693a323b7d),
(1642, 26, 'Phase 1', NULL, NULL, NULL, NULL, NULL, 0x613a333a7b733a31303a22636f6c6f725f636f6465223b733a363a22303030303030223b733a343a22626f6c64223b623a313b733a373a226f75746c696e65223b693a333b7d),
(1643, 26, 'Home Page', NULL, NULL, NULL, NULL, NULL, 0x613a333a7b733a31303a22636f6c6f725f636f6465223b733a363a22303030303030223b733a343a22626f6c64223b623a303b733a373a226f75746c696e65223b693a343b7d),
(1644, 26, 'Home Page Task 1', NULL, NULL, NULL, NULL, NULL, 0x613a333a7b733a31303a22636f6c6f725f636f6465223b733a363a22303030303030223b733a343a22626f6c64223b623a303b733a373a226f75746c696e65223b693a353b7d),
(1645, 26, 'Home Page Task 2', NULL, NULL, NULL, NULL, NULL, 0x613a333a7b733a31303a22636f6c6f725f636f6465223b733a363a22303030303030223b733a343a22626f6c64223b623a303b733a373a226f75746c696e65223b693a353b7d),
(1646, 26, 'Home Page Task 3', NULL, NULL, NULL, NULL, NULL, 0x613a333a7b733a31303a22636f6c6f725f636f6465223b733a363a22303030303030223b733a343a22626f6c64223b623a303b733a373a226f75746c696e65223b693a353b7d),
(1647, 26, 'Home Page Task 4', NULL, NULL, NULL, NULL, NULL, 0x613a333a7b733a31303a22636f6c6f725f636f6465223b733a363a22303030303030223b733a343a22626f6c64223b623a303b733a373a226f75746c696e65223b693a353b7d),
(1648, 26, 'Inner Page 1', NULL, NULL, NULL, NULL, NULL, 0x613a333a7b733a31303a22636f6c6f725f636f6465223b733a363a22303030303030223b733a343a22626f6c64223b623a303b733a373a226f75746c696e65223b693a343b7d),
(1649, 26, 'Inner Page Task 1', NULL, NULL, NULL, NULL, NULL, 0x613a333a7b733a31303a22636f6c6f725f636f6465223b733a363a22303030303030223b733a343a22626f6c64223b623a303b733a373a226f75746c696e65223b693a353b7d),
(1650, 26, 'Inner Page Task 2', NULL, NULL, NULL, NULL, NULL, 0x613a333a7b733a31303a22636f6c6f725f636f6465223b733a363a22303030303030223b733a343a22626f6c64223b623a303b733a373a226f75746c696e65223b693a353b7d),
(1651, 26, 'Inner Page 2', NULL, NULL, NULL, NULL, NULL, 0x613a333a7b733a31303a22636f6c6f725f636f6465223b733a363a22303030303030223b733a343a22626f6c64223b623a303b733a373a226f75746c696e65223b693a343b7d),
(1652, 26, 'Inner Page Task 1', NULL, NULL, NULL, NULL, NULL, 0x613a333a7b733a31303a22636f6c6f725f636f6465223b733a363a22303030303030223b733a343a22626f6c64223b623a303b733a373a226f75746c696e65223b693a353b7d),
(1653, 26, 'Inner Page Task 2', NULL, NULL, NULL, NULL, NULL, 0x613a333a7b733a31303a22636f6c6f725f636f6465223b733a363a22303030303030223b733a343a22626f6c64223b623a303b733a373a226f75746c696e65223b693a353b7d),
(1654, 26, 'Phase 1 Testing', NULL, NULL, NULL, NULL, NULL, 0x613a333a7b733a31303a22636f6c6f725f636f6465223b733a363a22303030303030223b733a343a22626f6c64223b623a303b733a373a226f75746c696e65223b693a343b7d),
(1655, 26, 'Phase 2', NULL, NULL, NULL, NULL, NULL, 0x613a333a7b733a31303a22636f6c6f725f636f6465223b733a363a22303030303030223b733a343a22626f6c64223b623a313b733a373a226f75746c696e65223b693a333b7d),
(1656, 26, 'Inner Page 3', NULL, NULL, NULL, NULL, NULL, 0x613a333a7b733a31303a22636f6c6f725f636f6465223b733a363a22303030303030223b733a343a22626f6c64223b623a303b733a373a226f75746c696e65223b693a343b7d),
(1657, 26, 'Inner Page Task 1', NULL, NULL, NULL, NULL, NULL, 0x613a333a7b733a31303a22636f6c6f725f636f6465223b733a363a22303030303030223b733a343a22626f6c64223b623a303b733a373a226f75746c696e65223b693a353b7d),
(1658, 26, 'Inner Page Task 2', NULL, NULL, NULL, NULL, NULL, 0x613a333a7b733a31303a22636f6c6f725f636f6465223b733a363a22303030303030223b733a343a22626f6c64223b623a303b733a373a226f75746c696e65223b693a353b7d),
(1659, 26, 'Inner Page Task 3', NULL, NULL, NULL, NULL, NULL, 0x613a333a7b733a31303a22636f6c6f725f636f6465223b733a363a22303030303030223b733a343a22626f6c64223b623a303b733a373a226f75746c696e65223b693a353b7d),
(1660, 26, 'Inner Page Task 4', NULL, NULL, NULL, NULL, NULL, 0x613a333a7b733a31303a22636f6c6f725f636f6465223b733a363a22303030303030223b733a343a22626f6c64223b623a303b733a373a226f75746c696e65223b693a353b7d),
(1661, 26, 'Inner Page 4', NULL, NULL, NULL, NULL, NULL, 0x613a333a7b733a31303a22636f6c6f725f636f6465223b733a363a22303030303030223b733a343a22626f6c64223b623a303b733a373a226f75746c696e65223b693a343b7d),
(1662, 26, 'Inner Page Task 1', NULL, NULL, NULL, NULL, NULL, 0x613a333a7b733a31303a22636f6c6f725f636f6465223b733a363a22303030303030223b733a343a22626f6c64223b623a303b733a373a226f75746c696e65223b693a353b7d),
(1663, 26, 'Inner Page Task 2', NULL, NULL, NULL, NULL, NULL, 0x613a333a7b733a31303a22636f6c6f725f636f6465223b733a363a22303030303030223b733a343a22626f6c64223b623a303b733a373a226f75746c696e65223b693a353b7d),
(1664, 26, 'Phase 2 Testing', NULL, NULL, NULL, NULL, NULL, 0x613a333a7b733a31303a22636f6c6f725f636f6465223b733a363a22303030303030223b733a343a22626f6c64223b623a303b733a373a226f75746c696e65223b693a343b7d),
(1665, 26, 'RFC 1', NULL, NULL, NULL, NULL, NULL, 0x613a333a7b733a31303a22636f6c6f725f636f6465223b733a363a22303030303030223b733a343a22626f6c64223b623a313b733a373a226f75746c696e65223b693a333b7d),
(1666, 26, 'Inner Page 3', NULL, NULL, NULL, NULL, NULL, 0x613a333a7b733a31303a22636f6c6f725f636f6465223b733a363a22303030303030223b733a343a22626f6c64223b623a303b733a373a226f75746c696e65223b693a343b7d),
(1667, 26, 'Inner Page Task 1', NULL, NULL, NULL, NULL, NULL, 0x613a333a7b733a31303a22636f6c6f725f636f6465223b733a363a22303030303030223b733a343a22626f6c64223b623a303b733a373a226f75746c696e65223b693a353b7d),
(1668, 26, 'Inner Page Task 2', NULL, NULL, NULL, NULL, NULL, 0x613a333a7b733a31303a22636f6c6f725f636f6465223b733a363a22303030303030223b733a343a22626f6c64223b623a303b733a373a226f75746c696e65223b693a353b7d),
(1669, 26, 'Inner Page Task 3', NULL, NULL, NULL, NULL, NULL, 0x613a333a7b733a31303a22636f6c6f725f636f6465223b733a363a22303030303030223b733a343a22626f6c64223b623a303b733a373a226f75746c696e65223b693a353b7d),
(1670, 26, 'Inner Page Task 4', NULL, NULL, NULL, NULL, NULL, 0x613a333a7b733a31303a22636f6c6f725f636f6465223b733a363a22303030303030223b733a343a22626f6c64223b623a303b733a373a226f75746c696e65223b693a353b7d),
(1671, 26, 'Inner Page 4', NULL, NULL, NULL, NULL, NULL, 0x613a333a7b733a31303a22636f6c6f725f636f6465223b733a363a22303030303030223b733a343a22626f6c64223b623a303b733a373a226f75746c696e65223b693a343b7d),
(1672, 26, 'Inner Page Task 1', NULL, NULL, NULL, NULL, NULL, 0x613a333a7b733a31303a22636f6c6f725f636f6465223b733a363a22303030303030223b733a343a22626f6c64223b623a303b733a373a226f75746c696e65223b693a353b7d),
(1673, 26, 'Inner Page Task 2', NULL, NULL, NULL, NULL, NULL, 0x613a333a7b733a31303a22636f6c6f725f636f6465223b733a363a22303030303030223b733a343a22626f6c64223b623a303b733a373a226f75746c696e65223b693a353b7d),
(1674, 26, 'RFC 1 Testing', NULL, NULL, NULL, NULL, NULL, 0x613a333a7b733a31303a22636f6c6f725f636f6465223b733a363a22303030303030223b733a343a22626f6c64223b623a303b733a373a226f75746c696e65223b693a333b7d),
(1675, 26, 'RFC 2', NULL, NULL, NULL, NULL, NULL, 0x613a333a7b733a31303a22636f6c6f725f636f6465223b733a363a22303030303030223b733a343a22626f6c64223b623a313b733a373a226f75746c696e65223b693a333b7d),
(1676, 26, 'Inner Page 5', NULL, NULL, NULL, NULL, NULL, 0x613a333a7b733a31303a22636f6c6f725f636f6465223b733a363a22303030303030223b733a343a22626f6c64223b623a303b733a373a226f75746c696e65223b693a343b7d),
(1677, 26, 'Inner Page Task 1', NULL, NULL, NULL, NULL, NULL, 0x613a333a7b733a31303a22636f6c6f725f636f6465223b733a363a22303030303030223b733a343a22626f6c64223b623a303b733a373a226f75746c696e65223b693a353b7d),
(1678, 26, 'Inner Page Task 2', NULL, NULL, NULL, NULL, NULL, 0x613a333a7b733a31303a22636f6c6f725f636f6465223b733a363a22303030303030223b733a343a22626f6c64223b623a303b733a373a226f75746c696e65223b693a353b7d),
(1679, 26, 'Inner Page Task 3', NULL, NULL, NULL, NULL, NULL, 0x613a333a7b733a31303a22636f6c6f725f636f6465223b733a363a22303030303030223b733a343a22626f6c64223b623a303b733a373a226f75746c696e65223b693a353b7d),
(1680, 26, 'Inner Page Task 4', NULL, NULL, NULL, NULL, NULL, 0x613a333a7b733a31303a22636f6c6f725f636f6465223b733a363a22303030303030223b733a343a22626f6c64223b623a303b733a373a226f75746c696e65223b693a353b7d),
(1681, 26, 'Inner Page 6', NULL, NULL, NULL, NULL, NULL, 0x613a333a7b733a31303a22636f6c6f725f636f6465223b733a363a22303030303030223b733a343a22626f6c64223b623a303b733a373a226f75746c696e65223b693a343b7d),
(1682, 26, 'Inner Page Task 1', NULL, NULL, NULL, NULL, NULL, 0x613a333a7b733a31303a22636f6c6f725f636f6465223b733a363a22303030303030223b733a343a22626f6c64223b623a303b733a373a226f75746c696e65223b693a353b7d),
(1683, 26, 'Inner Page Task 2', NULL, NULL, NULL, NULL, NULL, 0x613a333a7b733a31303a22636f6c6f725f636f6465223b733a363a22303030303030223b733a343a22626f6c64223b623a303b733a373a226f75746c696e65223b693a353b7d),
(1684, 26, 'RFC 2 Testing', NULL, NULL, NULL, NULL, NULL, 0x613a333a7b733a31303a22636f6c6f725f636f6465223b733a363a22303030303030223b733a343a22626f6c64223b623a303b733a373a226f75746c696e65223b693a343b7d),
(1685, 26, 'Beta Testing', NULL, NULL, NULL, NULL, NULL, 0x613a333a7b733a31303a22636f6c6f725f636f6465223b733a363a22464346393942223b733a343a22626f6c64223b623a313b733a373a226f75746c696e65223b693a323b7d),
(1686, 26, 'Cross Browser Testing & Functionality Testing', NULL, NULL, NULL, NULL, NULL, 0x613a333a7b733a31303a22636f6c6f725f636f6465223b733a363a22303030303030223b733a343a22626f6c64223b623a303b733a373a226f75746c696e65223b693a333b7d),
(1687, 26, 'Deployment', NULL, NULL, NULL, NULL, NULL, 0x613a333a7b733a31303a22636f6c6f725f636f6465223b733a363a22464346393942223b733a343a22626f6c64223b623a313b733a373a226f75746c696e65223b693a323b7d),
(1688, 26, 'Deployment to Draft Server and Live', NULL, NULL, NULL, NULL, NULL, 0x613a333a7b733a31303a22636f6c6f725f636f6465223b733a363a22303030303030223b733a343a22626f6c64223b623a303b733a373a226f75746c696e65223b693a333b7d),
(1689, 26, '50', NULL, NULL, NULL, NULL, NULL, 0x613a333a7b733a31303a22636f6c6f725f636f6465223b733a363a22464346393942223b733a343a22626f6c64223b623a313b733a373a226f75746c696e65223b693a313b7d);

-- --------------------------------------------------------

--
-- Table structure for table `project_groups`
--

CREATE TABLE `project_groups` (
  `team_id` int(11) NOT NULL,
  `depart_id` int(11) NOT NULL,
  `team_name` varchar(120) DEFAULT NULL,
  `team_description` text
) ENGINE=InnoDB DEFAULT CHARSET=latin1;

--
-- Dumping data for table `project_groups`
--

INSERT INTO `project_groups` (`team_id`, `depart_id`, `team_name`, `team_description`) VALUES
(1, 1, 'Codeigniter', 'This team works on codeigniter projects'),
(2, 1, 'Wordpress', NULL),
(3, 1, 'Magento', NULL),
(4, 1, 'Drupal', NULL),
(5, 3, 'Ios', NULL),
(6, 3, 'Android', NULL),
(7, 1, 'Webservice', NULL),
(8, 1, '.Net', NULL);

-- --------------------------------------------------------

--
-- Table structure for table `users`
--

CREATE TABLE `users` (
  `id` int(11) UNSIGNED NOT NULL,
  `ip_address` varchar(45) NOT NULL,
  `username` varchar(100) DEFAULT NULL,
  `password` varchar(255) NOT NULL,
  `salt` varchar(255) DEFAULT NULL,
  `email` varchar(100) NOT NULL,
  `activation_code` varchar(40) DEFAULT NULL,
  `forgotten_password_code` varchar(40) DEFAULT NULL,
  `forgotten_password_time` int(11) UNSIGNED DEFAULT NULL,
  `remember_code` varchar(40) DEFAULT NULL,
  `created_on` int(11) UNSIGNED NOT NULL,
  `last_login` int(11) UNSIGNED DEFAULT NULL,
  `active` tinyint(1) UNSIGNED DEFAULT NULL,
  `first_name` varchar(50) DEFAULT NULL,
  `last_name` varchar(50) DEFAULT NULL,
  `company` varchar(100) DEFAULT NULL,
  `phone` varchar(20) DEFAULT NULL
) ENGINE=InnoDB DEFAULT CHARSET=utf8;

--
-- Dumping data for table `users`
--

INSERT INTO `users` (`id`, `ip_address`, `username`, `password`, `salt`, `email`, `activation_code`, `forgotten_password_code`, `forgotten_password_time`, `remember_code`, `created_on`, `last_login`, `active`, `first_name`, `last_name`, `company`, `phone`) VALUES
(1, '127.0.0.1', 'administrator', '$2a$07$SeBknntpZror9uyftVopmu61qg0ms8Qv1yV6FG.kQOSM.9QhmTo36', '', 'admin@admin.com', '', NULL, NULL, NULL, 1268889823, 1475061288, 1, 'Admin', 'istrator', 'ADMIN', '0'),
(2, '::1', 'saroj@admin.com', '$2y$08$8VvoYJ.uNlqjW8rxIeQ5X.GiwvpCb6Wf1.yUDzUDimNUHSgl5.9WW', NULL, 'saroj@admin.com', NULL, NULL, NULL, NULL, 1474431399, 1474432713, 1, 'saroj', 'shrestha', 'ebpearls', '9843184459');

-- --------------------------------------------------------

--
-- Table structure for table `users_groups`
--

CREATE TABLE `users_groups` (
  `id` int(11) UNSIGNED NOT NULL,
  `user_id` int(11) UNSIGNED NOT NULL,
  `group_id` mediumint(8) UNSIGNED NOT NULL
) ENGINE=InnoDB DEFAULT CHARSET=utf8;

--
-- Dumping data for table `users_groups`
--

INSERT INTO `users_groups` (`id`, `user_id`, `group_id`) VALUES
(1, 1, 1),
(2, 1, 2),
(7, 2, 1),
(8, 2, 2),
(9, 2, 3);

--
-- Indexes for dumped tables
--

--
-- Indexes for table `department`
--
ALTER TABLE `department`
  ADD PRIMARY KEY (`depart_id`);

--
-- Indexes for table `groups`
--
ALTER TABLE `groups`
  ADD PRIMARY KEY (`id`);

--
-- Indexes for table `login_attempts`
--
ALTER TABLE `login_attempts`
  ADD PRIMARY KEY (`id`);

--
-- Indexes for table `projects`
--
ALTER TABLE `projects`
  ADD PRIMARY KEY (`project_id`),
  ADD UNIQUE KEY `uc_project_name` (`project_name`),
  ADD KEY `team_id_idx` (`team_id`);

--
-- Indexes for table `project_estimation_tasks`
--
ALTER TABLE `project_estimation_tasks`
  ADD PRIMARY KEY (`task_id`),
  ADD KEY `project_id_idx` (`project_id`);

--
-- Indexes for table `project_groups`
--
ALTER TABLE `project_groups`
  ADD PRIMARY KEY (`team_id`),
  ADD KEY `depart_id` (`depart_id`);

--
-- Indexes for table `users`
--
ALTER TABLE `users`
  ADD PRIMARY KEY (`id`);

--
-- Indexes for table `users_groups`
--
ALTER TABLE `users_groups`
  ADD PRIMARY KEY (`id`),
  ADD UNIQUE KEY `uc_users_groups` (`user_id`,`group_id`),
  ADD KEY `fk_users_groups_users1_idx` (`user_id`),
  ADD KEY `fk_users_groups_groups1_idx` (`group_id`);

--
-- AUTO_INCREMENT for dumped tables
--

--
-- AUTO_INCREMENT for table `department`
--
ALTER TABLE `department`
  MODIFY `depart_id` int(11) NOT NULL AUTO_INCREMENT, AUTO_INCREMENT=4;
--
-- AUTO_INCREMENT for table `groups`
--
ALTER TABLE `groups`
  MODIFY `id` mediumint(8) UNSIGNED NOT NULL AUTO_INCREMENT, AUTO_INCREMENT=4;
--
-- AUTO_INCREMENT for table `login_attempts`
--
ALTER TABLE `login_attempts`
  MODIFY `id` int(11) UNSIGNED NOT NULL AUTO_INCREMENT;
--
-- AUTO_INCREMENT for table `projects`
--
ALTER TABLE `projects`
  MODIFY `project_id` int(11) NOT NULL AUTO_INCREMENT, AUTO_INCREMENT=27;
--
-- AUTO_INCREMENT for table `project_estimation_tasks`
--
ALTER TABLE `project_estimation_tasks`
  MODIFY `task_id` int(11) NOT NULL AUTO_INCREMENT, AUTO_INCREMENT=1690;
--
-- AUTO_INCREMENT for table `project_groups`
--
ALTER TABLE `project_groups`
  MODIFY `team_id` int(11) NOT NULL AUTO_INCREMENT, AUTO_INCREMENT=9;
--
-- AUTO_INCREMENT for table `users`
--
ALTER TABLE `users`
  MODIFY `id` int(11) UNSIGNED NOT NULL AUTO_INCREMENT, AUTO_INCREMENT=3;
--
-- AUTO_INCREMENT for table `users_groups`
--
ALTER TABLE `users_groups`
  MODIFY `id` int(11) UNSIGNED NOT NULL AUTO_INCREMENT, AUTO_INCREMENT=10;
--
-- Constraints for dumped tables
--

--
-- Constraints for table `projects`
--
ALTER TABLE `projects`
  ADD CONSTRAINT `team_id` FOREIGN KEY (`team_id`) REFERENCES `project_groups` (`team_id`) ON DELETE NO ACTION ON UPDATE NO ACTION;

--
-- Constraints for table `project_estimation_tasks`
--
ALTER TABLE `project_estimation_tasks`
  ADD CONSTRAINT `project_id` FOREIGN KEY (`project_id`) REFERENCES `projects` (`project_id`) ON DELETE NO ACTION ON UPDATE NO ACTION;

--
-- Constraints for table `project_groups`
--
ALTER TABLE `project_groups`
  ADD CONSTRAINT `project_groups_ibfk_1` FOREIGN KEY (`depart_id`) REFERENCES `department` (`depart_id`) ON DELETE NO ACTION ON UPDATE NO ACTION;

--
-- Constraints for table `users_groups`
--
ALTER TABLE `users_groups`
  ADD CONSTRAINT `fk_users_groups_groups1` FOREIGN KEY (`group_id`) REFERENCES `groups` (`id`) ON DELETE CASCADE ON UPDATE NO ACTION,
  ADD CONSTRAINT `fk_users_groups_users1` FOREIGN KEY (`user_id`) REFERENCES `users` (`id`) ON DELETE CASCADE ON UPDATE NO ACTION;

/*!40101 SET CHARACTER_SET_CLIENT=@OLD_CHARACTER_SET_CLIENT */;
/*!40101 SET CHARACTER_SET_RESULTS=@OLD_CHARACTER_SET_RESULTS */;
/*!40101 SET COLLATION_CONNECTION=@OLD_COLLATION_CONNECTION */;
